<?xml version="1.0" encoding="UTF-8"?>
<!DOCTYPE mapper PUBLIC "-//mybatis.org//DTD Mapper 3.0//EN" "http://mybatis.org/dtd/mybatis-3-mapper.dtd">
<mapper namespace="mappers.BoardDAO-mapper">
<!-- // 카데고리 읽어오기 -->
	<select id="getCategory" resultType="BoardCategoryVO">
select cid, cname from BOARD_CATEGORY	
</select>
<!-- 	// 게시글 작성 -->
	<insert id="write" parameterType="BoardVO" >
		
		INSERT INTO board ( 
			bnum,
			bcategory,
			btitle,
			bid,
			bnickname,
			bcontent,
			bgroup
		)
		values(
			BOARD_BNUM_SEQ.nextval,
<!-- 			#{bcategory}, -->
			#{boardCategoryVO.cid},
			#{btitle},
			#{bid},
			#{bnickname},
			#{bcontent},
			board_bnum_seq.currval
		)
		<selectKey keyProperty="bnum" resultType="long" order="AFTER">
			SELECT board_bnum_seq.currval FROM dual
		</selectKey>
	</insert>
<!-- 	int fileWrite(BoardFileVO file); // 첨부파일 -->
<insert id="fileWrite" parameterType="BoardFileVO">
insert into board_upload_file (
	fid, bnum, fname, fsize, ftype, fdata, cdate
) values (
	BOARD_UPLOAD_FILE_FID_SEQ.nextval, #{bnum}, #{fname}, #{fsize}, #{ftype}, #{fdata}, systimestamp
)

</insert>
<!-- 	// 게시글 수정 -->
<!-- 	int modify(BoardVO boardVO); -->
<!-- 	int fileModify(BoardFileVO file); // 첨부파일 -->
<!-- 	// 게시글 삭제 -->
<delete id="delete" parameterType="long">
DELETE
FROM board
WHERE bnum=#{bnum}
</delete>
<delete id="fileDelete" parameterType="long">
DELETE
FROM board_upload_file
WHERE fid=#{fid}
</delete>
<delete id="filesDelete" parameterType="long">
DELETE
FROM board_upload_file
WHERE bnum=#{bnum}
</delete>
<!-- 	// 게시글 보기 -->
<select id="view" parameterType="long" resultType="BoardVO">
	SELECT 
  bnum, 
  bctgr.cid as "boardCateogryVO.cid",
  bctgr.cname as "boardCategoryVO.cname",
  btitle, 
  bid, 
  bnickname, 
  bcdate, 
  budate, 
  bhit, 
  bcontent, 
  bgroup, 
  bstep, 
  bindent
FROM 
  board brd, board_category bctgr
WHERE  brd.bcategory = bctgr.cid
AND brd.bnum = #{bnum}  
</select>
<select id="fileViews" parameterType="long" resultType ="BoardFileVO">
SELECT 
  fid,
  bnum,
  fname,
  fsize,
  ftype,
<!--   fdata, -->
  cdate,
  udate  
  FROM board_upload_file
  where bnum =#{bnum}
</select>
<update id ="updateHit">
	UPDATE board
		 SET bhit = bhit + 1
	 WHERE bnum = #{bnum}
	
</update>
<!-- 	List<BoardFileVO> fileView(String fid); -->
	
<!-- 	// 게시글 목록 -->
<!-- <resultMap type="" id=""> -->
<!-- </resultMap> -->
<!-- 	// 1) 전체 -->
<select id="list" resultType="BoardVO">
	SELECT 
  bnum, 
  bctgr.cid as "boardCateogryVO.cid",
  bctgr.cname as "boardCategoryVO.cname",
  btitle, 
  bid, 
  bnickname, 
  bcdate, 
  budate, 
  bhit, 
  bcontent, 
  bgroup, 
  bstep, 
  bindent
FROM 
  board brd, board_category bctgr
WHERE
  brd.bcategory = bctgr.cid 
</select>
<!-- 	// 2) 검색어 없는 게시글 페이징 -->
<!-- 	List<BoardVO> list(int startRec, int endRec, String SearchType); -->
<!-- 	// 3) 검색어 잇는 게시글 검색(전체,작성자id, 별칭, 제목, 내용) -->
<!-- 	List<BoardVO> list(int startRec, int endRec, String keyword, String SearchType); -->
<!-- 	// 게시글답글 작성 -->
<!-- 	int reply(BoardVO boardVO); -->

<select id="fileView" parameterType="long" resultType ="BoardFileVO">
SELECT 
  fid,
  bnum,
  fname,
  fsize,
  ftype,
  fdata,
  cdate,
  udate  
  FROM board_upload_file
  where fid =#{fid}
</select>

</mapper>