{"name":"portfolio","classpathEntries":[{"kind":"binary","path":"C:\\Program Files\\Java\\jdk1.8.0_231\\jre\\lib\\resources.jar","javadocContainerUrl":"https://docs.oracle.com/javase/1/docs/api/","isSystem":true,"isOwn":false,"isTest":false,"isJavaContent":false},{"kind":"binary","path":"C:\\Program Files\\Java\\jdk1.8.0_231\\jre\\lib\\rt.jar","javadocContainerUrl":"https://docs.oracle.com/javase/1/docs/api/","isSystem":true,"isOwn":false,"isTest":false,"isJavaContent":false},{"kind":"binary","path":"C:\\Program Files\\Java\\jdk1.8.0_231\\jre\\lib\\jsse.jar","javadocContainerUrl":"https://docs.oracle.com/javase/1/docs/api/","isSystem":true,"isOwn":false,"isTest":false,"isJavaContent":false},{"kind":"binary","path":"C:\\Program Files\\Java\\jdk1.8.0_231\\jre\\lib\\jce.jar","javadocContainerUrl":"https://docs.oracle.com/javase/1/docs/api/","isSystem":true,"isOwn":false,"isTest":false,"isJavaContent":false},{"kind":"binary","path":"C:\\Program Files\\Java\\jdk1.8.0_231\\jre\\lib\\charsets.jar","javadocContainerUrl":"https://docs.oracle.com/javase/1/docs/api/","isSystem":true,"isOwn":false,"isTest":false,"isJavaContent":false},{"kind":"binary","path":"C:\\Program Files\\Java\\jdk1.8.0_231\\jre\\lib\\jfr.jar","javadocContainerUrl":"https://docs.oracle.com/javase/1/docs/api/","isSystem":true,"isOwn":false,"isTest":false,"isJavaContent":false},{"kind":"binary","path":"C:\\Users\\Hyeonuk\\.m2\\repository\\org\\springframework\\spring-context\\5.2.3.RELEASE\\spring-context-5.2.3.RELEASE.jar","sourceContainerUrl":"file:/C:/Users/Hyeonuk/.m2/repository/org/springframework/spring-context/5.2.3.RELEASE/spring-context-5.2.3.RELEASE-sources.jar","javadocContainerUrl":"file:/C:/Users/Hyeonuk/.m2/repository/org/springframework/spring-context/5.2.3.RELEASE/spring-context-5.2.3.RELEASE-javadoc.jar","isSystem":false,"isOwn":false,"isTest":false,"isJavaContent":false},{"kind":"binary","path":"C:\\Users\\Hyeonuk\\.m2\\repository\\org\\springframework\\spring-aop\\5.2.3.RELEASE\\spring-aop-5.2.3.RELEASE.jar","sourceContainerUrl":"file:/C:/Users/Hyeonuk/.m2/repository/org/springframework/spring-aop/5.2.3.RELEASE/spring-aop-5.2.3.RELEASE-sources.jar","javadocContainerUrl":"file:/C:/Users/Hyeonuk/.m2/repository/org/springframework/spring-aop/5.2.3.RELEASE/spring-aop-5.2.3.RELEASE-javadoc.jar","isSystem":false,"isOwn":false,"isTest":false,"isJavaContent":false},{"kind":"binary","path":"C:\\Users\\Hyeonuk\\.m2\\repository\\org\\springframework\\spring-beans\\5.2.3.RELEASE\\spring-beans-5.2.3.RELEASE.jar","sourceContainerUrl":"file:/C:/Users/Hyeonuk/.m2/repository/org/springframework/spring-beans/5.2.3.RELEASE/spring-beans-5.2.3.RELEASE-sources.jar","javadocContainerUrl":"file:/C:/Users/Hyeonuk/.m2/repository/org/springframework/spring-beans/5.2.3.RELEASE/spring-beans-5.2.3.RELEASE-javadoc.jar","isSystem":false,"isOwn":false,"isTest":false,"isJavaContent":false},{"kind":"binary","path":"C:\\Users\\Hyeonuk\\.m2\\repository\\org\\springframework\\spring-core\\5.2.3.RELEASE\\spring-core-5.2.3.RELEASE.jar","sourceContainerUrl":"file:/C:/Users/Hyeonuk/.m2/repository/org/springframework/spring-core/5.2.3.RELEASE/spring-core-5.2.3.RELEASE-sources.jar","javadocContainerUrl":"file:/C:/Users/Hyeonuk/.m2/repository/org/springframework/spring-core/5.2.3.RELEASE/spring-core-5.2.3.RELEASE-javadoc.jar","isSystem":false,"isOwn":false,"isTest":false,"isJavaContent":false},{"kind":"binary","path":"C:\\Users\\Hyeonuk\\.m2\\repository\\org\\springframework\\spring-jcl\\5.2.3.RELEASE\\spring-jcl-5.2.3.RELEASE.jar","sourceContainerUrl":"file:/C:/Users/Hyeonuk/.m2/repository/org/springframework/spring-jcl/5.2.3.RELEASE/spring-jcl-5.2.3.RELEASE-sources.jar","javadocContainerUrl":"file:/C:/Users/Hyeonuk/.m2/repository/org/springframework/spring-jcl/5.2.3.RELEASE/spring-jcl-5.2.3.RELEASE-javadoc.jar","isSystem":false,"isOwn":false,"isTest":false,"isJavaContent":false},{"kind":"binary","path":"C:\\Users\\Hyeonuk\\.m2\\repository\\org\\springframework\\spring-expression\\5.2.3.RELEASE\\spring-expression-5.2.3.RELEASE.jar","sourceContainerUrl":"file:/C:/Users/Hyeonuk/.m2/repository/org/springframework/spring-expression/5.2.3.RELEASE/spring-expression-5.2.3.RELEASE-sources.jar","javadocContainerUrl":"file:/C:/Users/Hyeonuk/.m2/repository/org/springframework/spring-expression/5.2.3.RELEASE/spring-expression-5.2.3.RELEASE-javadoc.jar","isSystem":false,"isOwn":false,"isTest":false,"isJavaContent":false},{"kind":"binary","path":"C:\\Users\\Hyeonuk\\.m2\\repository\\org\\springframework\\spring-webmvc\\5.2.3.RELEASE\\spring-webmvc-5.2.3.RELEASE.jar","sourceContainerUrl":"file:/C:/Users/Hyeonuk/.m2/repository/org/springframework/spring-webmvc/5.2.3.RELEASE/spring-webmvc-5.2.3.RELEASE-sources.jar","javadocContainerUrl":"file:/C:/Users/Hyeonuk/.m2/repository/org/springframework/spring-webmvc/5.2.3.RELEASE/spring-webmvc-5.2.3.RELEASE-javadoc.jar","isSystem":false,"isOwn":false,"isTest":false,"isJavaContent":false},{"kind":"binary","path":"C:\\Users\\Hyeonuk\\.m2\\repository\\org\\springframework\\spring-web\\5.2.3.RELEASE\\spring-web-5.2.3.RELEASE.jar","sourceContainerUrl":"file:/C:/Users/Hyeonuk/.m2/repository/org/springframework/spring-web/5.2.3.RELEASE/spring-web-5.2.3.RELEASE-sources.jar","javadocContainerUrl":"file:/C:/Users/Hyeonuk/.m2/repository/org/springframework/spring-web/5.2.3.RELEASE/spring-web-5.2.3.RELEASE-javadoc.jar","isSystem":false,"isOwn":false,"isTest":false,"isJavaContent":false},{"kind":"binary","path":"C:\\Users\\Hyeonuk\\.m2\\repository\\org\\aspectj\\aspectjrt\\1.9.5\\aspectjrt-1.9.5.jar","sourceContainerUrl":"file:/C:/Users/Hyeonuk/.m2/repository/org/aspectj/aspectjrt/1.9.5/aspectjrt-1.9.5-sources.jar","javadocContainerUrl":"file:/C:/Users/Hyeonuk/.m2/repository/org/aspectj/aspectjrt/1.9.5/aspectjrt-1.9.5-javadoc.jar","isSystem":false,"isOwn":false,"isTest":false,"isJavaContent":false},{"kind":"binary","path":"C:\\Users\\Hyeonuk\\.m2\\repository\\org\\slf4j\\slf4j-api\\1.7.30\\slf4j-api-1.7.30.jar","sourceContainerUrl":"file:/C:/Users/Hyeonuk/.m2/repository/org/slf4j/slf4j-api/1.7.30/slf4j-api-1.7.30-sources.jar","javadocContainerUrl":"file:/C:/Users/Hyeonuk/.m2/repository/org/slf4j/slf4j-api/1.7.30/slf4j-api-1.7.30-javadoc.jar","isSystem":false,"isOwn":false,"isTest":false,"isJavaContent":false},{"kind":"binary","path":"C:\\Users\\Hyeonuk\\.m2\\repository\\org\\slf4j\\jcl-over-slf4j\\1.7.30\\jcl-over-slf4j-1.7.30.jar","sourceContainerUrl":"file:/C:/Users/Hyeonuk/.m2/repository/org/slf4j/jcl-over-slf4j/1.7.30/jcl-over-slf4j-1.7.30-sources.jar","javadocContainerUrl":"file:/C:/Users/Hyeonuk/.m2/repository/org/slf4j/jcl-over-slf4j/1.7.30/jcl-over-slf4j-1.7.30-javadoc.jar","isSystem":false,"isOwn":false,"isTest":false,"isJavaContent":false},{"kind":"binary","path":"C:\\Users\\Hyeonuk\\.m2\\repository\\org\\slf4j\\slf4j-log4j12\\1.7.30\\slf4j-log4j12-1.7.30.jar","sourceContainerUrl":"file:/C:/Users/Hyeonuk/.m2/repository/org/slf4j/slf4j-log4j12/1.7.30/slf4j-log4j12-1.7.30-sources.jar","javadocContainerUrl":"file:/C:/Users/Hyeonuk/.m2/repository/org/slf4j/slf4j-log4j12/1.7.30/slf4j-log4j12-1.7.30-javadoc.jar","isSystem":false,"isOwn":false,"isTest":false,"isJavaContent":false},{"kind":"binary","path":"C:\\Users\\Hyeonuk\\.m2\\repository\\log4j\\log4j\\1.2.17\\log4j-1.2.17.jar","sourceContainerUrl":"file:/C:/Users/Hyeonuk/.m2/repository/log4j/log4j/1.2.17/log4j-1.2.17-sources.jar","javadocContainerUrl":"file:/C:/Users/Hyeonuk/.m2/repository/log4j/log4j/1.2.17/log4j-1.2.17-javadoc.jar","isSystem":false,"isOwn":false,"isTest":false,"isJavaContent":false},{"kind":"binary","path":"C:\\Users\\Hyeonuk\\.m2\\repository\\javax\\inject\\javax.inject\\1\\javax.inject-1.jar","sourceContainerUrl":"file:/C:/Users/Hyeonuk/.m2/repository/javax/inject/javax.inject/1/javax.inject-1-sources.jar","javadocContainerUrl":"file:/C:/Users/Hyeonuk/.m2/repository/javax/inject/javax.inject/1/javax.inject-1-javadoc.jar","isSystem":false,"isOwn":false,"isTest":false,"isJavaContent":false},{"kind":"binary","path":"C:\\Users\\Hyeonuk\\.m2\\repository\\javax\\servlet\\javax.servlet-api\\4.0.1\\javax.servlet-api-4.0.1.jar","sourceContainerUrl":"file:/C:/Users/Hyeonuk/.m2/repository/javax/servlet/javax.servlet-api/4.0.1/javax.servlet-api-4.0.1-sources.jar","javadocContainerUrl":"file:/C:/Users/Hyeonuk/.m2/repository/javax/servlet/javax.servlet-api/4.0.1/javax.servlet-api-4.0.1-javadoc.jar","isSystem":false,"isOwn":false,"isTest":false,"isJavaContent":false},{"kind":"binary","path":"C:\\Users\\Hyeonuk\\.m2\\repository\\org\\apache\\taglibs\\taglibs-standard-spec\\1.2.5\\taglibs-standard-spec-1.2.5.jar","sourceContainerUrl":"file:/C:/Users/Hyeonuk/.m2/repository/org/apache/taglibs/taglibs-standard-spec/1.2.5/taglibs-standard-spec-1.2.5-sources.jar","javadocContainerUrl":"file:/C:/Users/Hyeonuk/.m2/repository/org/apache/taglibs/taglibs-standard-spec/1.2.5/taglibs-standard-spec-1.2.5-javadoc.jar","isSystem":false,"isOwn":false,"isTest":false,"isJavaContent":false},{"kind":"binary","path":"C:\\Users\\Hyeonuk\\.m2\\repository\\org\\apache\\taglibs\\taglibs-standard-impl\\1.2.5\\taglibs-standard-impl-1.2.5.jar","sourceContainerUrl":"file:/C:/Users/Hyeonuk/.m2/repository/org/apache/taglibs/taglibs-standard-impl/1.2.5/taglibs-standard-impl-1.2.5-sources.jar","javadocContainerUrl":"file:/C:/Users/Hyeonuk/.m2/repository/org/apache/taglibs/taglibs-standard-impl/1.2.5/taglibs-standard-impl-1.2.5-javadoc.jar","isSystem":false,"isOwn":false,"isTest":false,"isJavaContent":false},{"kind":"binary","path":"C:\\Users\\Hyeonuk\\.m2\\repository\\org\\apache\\taglibs\\taglibs-standard-jstlel\\1.2.5\\taglibs-standard-jstlel-1.2.5.jar","sourceContainerUrl":"file:/C:/Users/Hyeonuk/.m2/repository/org/apache/taglibs/taglibs-standard-jstlel/1.2.5/taglibs-standard-jstlel-1.2.5-sources.jar","javadocContainerUrl":"file:/C:/Users/Hyeonuk/.m2/repository/org/apache/taglibs/taglibs-standard-jstlel/1.2.5/taglibs-standard-jstlel-1.2.5-javadoc.jar","isSystem":false,"isOwn":false,"isTest":false,"isJavaContent":false},{"kind":"binary","path":"C:\\Users\\Hyeonuk\\.m2\\repository\\org\\springframework\\spring-jdbc\\5.2.3.RELEASE\\spring-jdbc-5.2.3.RELEASE.jar","sourceContainerUrl":"file:/C:/Users/Hyeonuk/.m2/repository/org/springframework/spring-jdbc/5.2.3.RELEASE/spring-jdbc-5.2.3.RELEASE-sources.jar","javadocContainerUrl":"file:/C:/Users/Hyeonuk/.m2/repository/org/springframework/spring-jdbc/5.2.3.RELEASE/spring-jdbc-5.2.3.RELEASE-javadoc.jar","isSystem":false,"isOwn":false,"isTest":false,"isJavaContent":false},{"kind":"binary","path":"C:\\Users\\Hyeonuk\\.m2\\repository\\org\\springframework\\spring-tx\\5.2.3.RELEASE\\spring-tx-5.2.3.RELEASE.jar","sourceContainerUrl":"file:/C:/Users/Hyeonuk/.m2/repository/org/springframework/spring-tx/5.2.3.RELEASE/spring-tx-5.2.3.RELEASE-sources.jar","javadocContainerUrl":"file:/C:/Users/Hyeonuk/.m2/repository/org/springframework/spring-tx/5.2.3.RELEASE/spring-tx-5.2.3.RELEASE-javadoc.jar","isSystem":false,"isOwn":false,"isTest":false,"isJavaContent":false},{"kind":"binary","path":"C:\\Users\\Hyeonuk\\.m2\\repository\\com\\oracle\\jdbc\\ojdbc8\\12.2.0.1\\ojdbc8-12.2.0.1.jar","isSystem":false,"isOwn":false,"isTest":false,"isJavaContent":false},{"kind":"binary","path":"C:\\Users\\Hyeonuk\\.m2\\repository\\com\\oracle\\jdbc\\ucp\\12.2.0.1\\ucp-12.2.0.1.jar","isSystem":false,"isOwn":false,"isTest":false,"isJavaContent":false},{"kind":"binary","path":"C:\\Users\\Hyeonuk\\.m2\\repository\\org\\apache\\commons\\commons-dbcp2\\2.7.0\\commons-dbcp2-2.7.0.jar","sourceContainerUrl":"file:/C:/Users/Hyeonuk/.m2/repository/org/apache/commons/commons-dbcp2/2.7.0/commons-dbcp2-2.7.0-sources.jar","javadocContainerUrl":"file:/C:/Users/Hyeonuk/.m2/repository/org/apache/commons/commons-dbcp2/2.7.0/commons-dbcp2-2.7.0-javadoc.jar","isSystem":false,"isOwn":false,"isTest":false,"isJavaContent":false},{"kind":"binary","path":"C:\\Users\\Hyeonuk\\.m2\\repository\\org\\apache\\commons\\commons-pool2\\2.7.0\\commons-pool2-2.7.0.jar","sourceContainerUrl":"file:/C:/Users/Hyeonuk/.m2/repository/org/apache/commons/commons-pool2/2.7.0/commons-pool2-2.7.0-sources.jar","javadocContainerUrl":"file:/C:/Users/Hyeonuk/.m2/repository/org/apache/commons/commons-pool2/2.7.0/commons-pool2-2.7.0-javadoc.jar","isSystem":false,"isOwn":false,"isTest":false,"isJavaContent":false},{"kind":"binary","path":"C:\\Users\\Hyeonuk\\.m2\\repository\\commons-logging\\commons-logging\\1.2\\commons-logging-1.2.jar","sourceContainerUrl":"file:/C:/Users/Hyeonuk/.m2/repository/commons-logging/commons-logging/1.2/commons-logging-1.2-sources.jar","javadocContainerUrl":"file:/C:/Users/Hyeonuk/.m2/repository/commons-logging/commons-logging/1.2/commons-logging-1.2-javadoc.jar","isSystem":false,"isOwn":false,"isTest":false,"isJavaContent":false},{"kind":"binary","path":"C:\\Users\\Hyeonuk\\.m2\\repository\\org\\mybatis\\mybatis\\3.5.3\\mybatis-3.5.3.jar","sourceContainerUrl":"file:/C:/Users/Hyeonuk/.m2/repository/org/mybatis/mybatis/3.5.3/mybatis-3.5.3-sources.jar","javadocContainerUrl":"file:/C:/Users/Hyeonuk/.m2/repository/org/mybatis/mybatis/3.5.3/mybatis-3.5.3-javadoc.jar","isSystem":false,"isOwn":false,"isTest":false,"isJavaContent":false},{"kind":"binary","path":"C:\\Users\\Hyeonuk\\.m2\\repository\\org\\mybatis\\mybatis-spring\\2.0.3\\mybatis-spring-2.0.3.jar","sourceContainerUrl":"file:/C:/Users/Hyeonuk/.m2/repository/org/mybatis/mybatis-spring/2.0.3/mybatis-spring-2.0.3-sources.jar","javadocContainerUrl":"file:/C:/Users/Hyeonuk/.m2/repository/org/mybatis/mybatis-spring/2.0.3/mybatis-spring-2.0.3-javadoc.jar","isSystem":false,"isOwn":false,"isTest":false,"isJavaContent":false},{"kind":"binary","path":"C:\\Users\\Hyeonuk\\.m2\\repository\\org\\junit\\jupiter\\junit-jupiter-api\\5.6.0\\junit-jupiter-api-5.6.0.jar","sourceContainerUrl":"file:/C:/Users/Hyeonuk/.m2/repository/org/junit/jupiter/junit-jupiter-api/5.6.0/junit-jupiter-api-5.6.0-sources.jar","javadocContainerUrl":"file:/C:/Users/Hyeonuk/.m2/repository/org/junit/jupiter/junit-jupiter-api/5.6.0/junit-jupiter-api-5.6.0-javadoc.jar","isSystem":false,"isOwn":false,"isTest":false,"isJavaContent":false},{"kind":"binary","path":"C:\\Users\\Hyeonuk\\.m2\\repository\\org\\apiguardian\\apiguardian-api\\1.1.0\\apiguardian-api-1.1.0.jar","sourceContainerUrl":"file:/C:/Users/Hyeonuk/.m2/repository/org/apiguardian/apiguardian-api/1.1.0/apiguardian-api-1.1.0-sources.jar","javadocContainerUrl":"file:/C:/Users/Hyeonuk/.m2/repository/org/apiguardian/apiguardian-api/1.1.0/apiguardian-api-1.1.0-javadoc.jar","isSystem":false,"isOwn":false,"isTest":false,"isJavaContent":false},{"kind":"binary","path":"C:\\Users\\Hyeonuk\\.m2\\repository\\org\\opentest4j\\opentest4j\\1.2.0\\opentest4j-1.2.0.jar","sourceContainerUrl":"file:/C:/Users/Hyeonuk/.m2/repository/org/opentest4j/opentest4j/1.2.0/opentest4j-1.2.0-sources.jar","javadocContainerUrl":"file:/C:/Users/Hyeonuk/.m2/repository/org/opentest4j/opentest4j/1.2.0/opentest4j-1.2.0-javadoc.jar","isSystem":false,"isOwn":false,"isTest":false,"isJavaContent":false},{"kind":"binary","path":"C:\\Users\\Hyeonuk\\.m2\\repository\\org\\junit\\platform\\junit-platform-commons\\1.6.0\\junit-platform-commons-1.6.0.jar","sourceContainerUrl":"file:/C:/Users/Hyeonuk/.m2/repository/org/junit/platform/junit-platform-commons/1.6.0/junit-platform-commons-1.6.0-sources.jar","javadocContainerUrl":"file:/C:/Users/Hyeonuk/.m2/repository/org/junit/platform/junit-platform-commons/1.6.0/junit-platform-commons-1.6.0-javadoc.jar","isSystem":false,"isOwn":false,"isTest":false,"isJavaContent":false},{"kind":"binary","path":"C:\\Users\\Hyeonuk\\.m2\\repository\\org\\junit\\jupiter\\junit-jupiter-engine\\5.6.0\\junit-jupiter-engine-5.6.0.jar","sourceContainerUrl":"file:/C:/Users/Hyeonuk/.m2/repository/org/junit/jupiter/junit-jupiter-engine/5.6.0/junit-jupiter-engine-5.6.0-sources.jar","javadocContainerUrl":"file:/C:/Users/Hyeonuk/.m2/repository/org/junit/jupiter/junit-jupiter-engine/5.6.0/junit-jupiter-engine-5.6.0-javadoc.jar","isSystem":false,"isOwn":false,"isTest":false,"isJavaContent":false},{"kind":"binary","path":"C:\\Users\\Hyeonuk\\.m2\\repository\\org\\junit\\platform\\junit-platform-engine\\1.6.0\\junit-platform-engine-1.6.0.jar","sourceContainerUrl":"file:/C:/Users/Hyeonuk/.m2/repository/org/junit/platform/junit-platform-engine/1.6.0/junit-platform-engine-1.6.0-sources.jar","javadocContainerUrl":"file:/C:/Users/Hyeonuk/.m2/repository/org/junit/platform/junit-platform-engine/1.6.0/junit-platform-engine-1.6.0-javadoc.jar","isSystem":false,"isOwn":false,"isTest":false,"isJavaContent":false},{"kind":"binary","path":"C:\\Users\\Hyeonuk\\.m2\\repository\\org\\springframework\\spring-test\\5.2.3.RELEASE\\spring-test-5.2.3.RELEASE.jar","sourceContainerUrl":"file:/C:/Users/Hyeonuk/.m2/repository/org/springframework/spring-test/5.2.3.RELEASE/spring-test-5.2.3.RELEASE-sources.jar","javadocContainerUrl":"file:/C:/Users/Hyeonuk/.m2/repository/org/springframework/spring-test/5.2.3.RELEASE/spring-test-5.2.3.RELEASE-javadoc.jar","isSystem":false,"isOwn":false,"isTest":false,"isJavaContent":false},{"kind":"binary","path":"C:\\Users\\Hyeonuk\\.m2\\repository\\ch\\qos\\logback\\logback-classic\\1.2.3\\logback-classic-1.2.3.jar","sourceContainerUrl":"file:/C:/Users/Hyeonuk/.m2/repository/ch/qos/logback/logback-classic/1.2.3/logback-classic-1.2.3-sources.jar","javadocContainerUrl":"file:/C:/Users/Hyeonuk/.m2/repository/ch/qos/logback/logback-classic/1.2.3/logback-classic-1.2.3-javadoc.jar","isSystem":false,"isOwn":false,"isTest":false,"isJavaContent":false},{"kind":"binary","path":"C:\\Users\\Hyeonuk\\.m2\\repository\\ch\\qos\\logback\\logback-core\\1.2.3\\logback-core-1.2.3.jar","sourceContainerUrl":"file:/C:/Users/Hyeonuk/.m2/repository/ch/qos/logback/logback-core/1.2.3/logback-core-1.2.3-sources.jar","javadocContainerUrl":"file:/C:/Users/Hyeonuk/.m2/repository/ch/qos/logback/logback-core/1.2.3/logback-core-1.2.3-javadoc.jar","isSystem":false,"isOwn":false,"isTest":false,"isJavaContent":false},{"kind":"binary","path":"C:\\Users\\Hyeonuk\\.m2\\repository\\org\\bgee\\log4jdbc-log4j2\\log4jdbc-log4j2-jdbc4.1\\1.16\\log4jdbc-log4j2-jdbc4.1-1.16.jar","sourceContainerUrl":"file:/C:/Users/Hyeonuk/.m2/repository/org/bgee/log4jdbc-log4j2/log4jdbc-log4j2-jdbc4.1/1.16/log4jdbc-log4j2-jdbc4.1-1.16-sources.jar","javadocContainerUrl":"file:/C:/Users/Hyeonuk/.m2/repository/org/bgee/log4jdbc-log4j2/log4jdbc-log4j2-jdbc4.1/1.16/log4jdbc-log4j2-jdbc4.1-1.16-javadoc.jar","isSystem":false,"isOwn":false,"isTest":false,"isJavaContent":false},{"kind":"binary","path":"C:\\Users\\Hyeonuk\\.m2\\repository\\com\\fasterxml\\jackson\\core\\jackson-databind\\2.10.2\\jackson-databind-2.10.2.jar","sourceContainerUrl":"file:/C:/Users/Hyeonuk/.m2/repository/com/fasterxml/jackson/core/jackson-databind/2.10.2/jackson-databind-2.10.2-sources.jar","javadocContainerUrl":"file:/C:/Users/Hyeonuk/.m2/repository/com/fasterxml/jackson/core/jackson-databind/2.10.2/jackson-databind-2.10.2-javadoc.jar","isSystem":false,"isOwn":false,"isTest":false,"isJavaContent":false},{"kind":"binary","path":"C:\\Users\\Hyeonuk\\.m2\\repository\\com\\fasterxml\\jackson\\core\\jackson-annotations\\2.10.2\\jackson-annotations-2.10.2.jar","sourceContainerUrl":"file:/C:/Users/Hyeonuk/.m2/repository/com/fasterxml/jackson/core/jackson-annotations/2.10.2/jackson-annotations-2.10.2-sources.jar","javadocContainerUrl":"file:/C:/Users/Hyeonuk/.m2/repository/com/fasterxml/jackson/core/jackson-annotations/2.10.2/jackson-annotations-2.10.2-javadoc.jar","isSystem":false,"isOwn":false,"isTest":false,"isJavaContent":false},{"kind":"binary","path":"C:\\Users\\Hyeonuk\\.m2\\repository\\com\\fasterxml\\jackson\\core\\jackson-core\\2.10.2\\jackson-core-2.10.2.jar","sourceContainerUrl":"file:/C:/Users/Hyeonuk/.m2/repository/com/fasterxml/jackson/core/jackson-core/2.10.2/jackson-core-2.10.2-sources.jar","javadocContainerUrl":"file:/C:/Users/Hyeonuk/.m2/repository/com/fasterxml/jackson/core/jackson-core/2.10.2/jackson-core-2.10.2-javadoc.jar","isSystem":false,"isOwn":false,"isTest":false,"isJavaContent":false},{"kind":"binary","path":"C:\\Users\\Hyeonuk\\.m2\\repository\\com\\fasterxml\\jackson\\dataformat\\jackson-dataformat-xml\\2.10.2\\jackson-dataformat-xml-2.10.2.jar","sourceContainerUrl":"file:/C:/Users/Hyeonuk/.m2/repository/com/fasterxml/jackson/dataformat/jackson-dataformat-xml/2.10.2/jackson-dataformat-xml-2.10.2-sources.jar","javadocContainerUrl":"file:/C:/Users/Hyeonuk/.m2/repository/com/fasterxml/jackson/dataformat/jackson-dataformat-xml/2.10.2/jackson-dataformat-xml-2.10.2-javadoc.jar","isSystem":false,"isOwn":false,"isTest":false,"isJavaContent":false},{"kind":"binary","path":"C:\\Users\\Hyeonuk\\.m2\\repository\\com\\fasterxml\\jackson\\module\\jackson-module-jaxb-annotations\\2.10.2\\jackson-module-jaxb-annotations-2.10.2.jar","sourceContainerUrl":"file:/C:/Users/Hyeonuk/.m2/repository/com/fasterxml/jackson/module/jackson-module-jaxb-annotations/2.10.2/jackson-module-jaxb-annotations-2.10.2-sources.jar","javadocContainerUrl":"file:/C:/Users/Hyeonuk/.m2/repository/com/fasterxml/jackson/module/jackson-module-jaxb-annotations/2.10.2/jackson-module-jaxb-annotations-2.10.2-javadoc.jar","isSystem":false,"isOwn":false,"isTest":false,"isJavaContent":false},{"kind":"binary","path":"C:\\Users\\Hyeonuk\\.m2\\repository\\jakarta\\xml\\bind\\jakarta.xml.bind-api\\2.3.2\\jakarta.xml.bind-api-2.3.2.jar","sourceContainerUrl":"file:/C:/Users/Hyeonuk/.m2/repository/jakarta/xml/bind/jakarta.xml.bind-api/2.3.2/jakarta.xml.bind-api-2.3.2-sources.jar","javadocContainerUrl":"file:/C:/Users/Hyeonuk/.m2/repository/jakarta/xml/bind/jakarta.xml.bind-api/2.3.2/jakarta.xml.bind-api-2.3.2-javadoc.jar","isSystem":false,"isOwn":false,"isTest":false,"isJavaContent":false},{"kind":"binary","path":"C:\\Users\\Hyeonuk\\.m2\\repository\\jakarta\\activation\\jakarta.activation-api\\1.2.1\\jakarta.activation-api-1.2.1.jar","sourceContainerUrl":"file:/C:/Users/Hyeonuk/.m2/repository/jakarta/activation/jakarta.activation-api/1.2.1/jakarta.activation-api-1.2.1-sources.jar","javadocContainerUrl":"file:/C:/Users/Hyeonuk/.m2/repository/jakarta/activation/jakarta.activation-api/1.2.1/jakarta.activation-api-1.2.1-javadoc.jar","isSystem":false,"isOwn":false,"isTest":false,"isJavaContent":false},{"kind":"binary","path":"C:\\Users\\Hyeonuk\\.m2\\repository\\org\\codehaus\\woodstox\\stax2-api\\4.2\\stax2-api-4.2.jar","sourceContainerUrl":"file:/C:/Users/Hyeonuk/.m2/repository/org/codehaus/woodstox/stax2-api/4.2/stax2-api-4.2-sources.jar","javadocContainerUrl":"file:/C:/Users/Hyeonuk/.m2/repository/org/codehaus/woodstox/stax2-api/4.2/stax2-api-4.2-javadoc.jar","isSystem":false,"isOwn":false,"isTest":false,"isJavaContent":false},{"kind":"binary","path":"C:\\Users\\Hyeonuk\\.m2\\repository\\com\\fasterxml\\woodstox\\woodstox-core\\6.0.3\\woodstox-core-6.0.3.jar","sourceContainerUrl":"file:/C:/Users/Hyeonuk/.m2/repository/com/fasterxml/woodstox/woodstox-core/6.0.3/woodstox-core-6.0.3-sources.jar","javadocContainerUrl":"file:/C:/Users/Hyeonuk/.m2/repository/com/fasterxml/woodstox/woodstox-core/6.0.3/woodstox-core-6.0.3-javadoc.jar","isSystem":false,"isOwn":false,"isTest":false,"isJavaContent":false},{"kind":"binary","path":"C:\\Users\\Hyeonuk\\.m2\\repository\\commons-fileupload\\commons-fileupload\\1.4\\commons-fileupload-1.4.jar","sourceContainerUrl":"file:/C:/Users/Hyeonuk/.m2/repository/commons-fileupload/commons-fileupload/1.4/commons-fileupload-1.4-sources.jar","javadocContainerUrl":"file:/C:/Users/Hyeonuk/.m2/repository/commons-fileupload/commons-fileupload/1.4/commons-fileupload-1.4-javadoc.jar","isSystem":false,"isOwn":false,"isTest":false,"isJavaContent":false},{"kind":"binary","path":"C:\\Users\\Hyeonuk\\.m2\\repository\\commons-io\\commons-io\\2.2\\commons-io-2.2.jar","sourceContainerUrl":"file:/C:/Users/Hyeonuk/.m2/repository/commons-io/commons-io/2.2/commons-io-2.2-sources.jar","javadocContainerUrl":"file:/C:/Users/Hyeonuk/.m2/repository/commons-io/commons-io/2.2/commons-io-2.2-javadoc.jar","isSystem":false,"isOwn":false,"isTest":false,"isJavaContent":false},{"kind":"binary","path":"C:\\Users\\Hyeonuk\\.m2\\repository\\org\\projectlombok\\lombok\\1.18.10\\lombok-1.18.10.jar","sourceContainerUrl":"file:/C:/Users/Hyeonuk/.m2/repository/org/projectlombok/lombok/1.18.10/lombok-1.18.10-sources.jar","javadocContainerUrl":"file:/C:/Users/Hyeonuk/.m2/repository/org/projectlombok/lombok/1.18.10/lombok-1.18.10-javadoc.jar","isSystem":false,"isOwn":false,"isTest":false,"isJavaContent":false},{"kind":"binary","path":"C:\\Users\\Hyeonuk\\.m2\\repository\\org\\hibernate\\hibernate-core\\5.4.10.Final\\hibernate-core-5.4.10.Final.jar","sourceContainerUrl":"file:/C:/Users/Hyeonuk/.m2/repository/org/hibernate/hibernate-core/5.4.10.Final/hibernate-core-5.4.10.Final-sources.jar","javadocContainerUrl":"file:/C:/Users/Hyeonuk/.m2/repository/org/hibernate/hibernate-core/5.4.10.Final/hibernate-core-5.4.10.Final-javadoc.jar","isSystem":false,"isOwn":false,"isTest":false,"isJavaContent":false},{"kind":"binary","path":"C:\\Users\\Hyeonuk\\.m2\\repository\\org\\jboss\\logging\\jboss-logging\\3.3.2.Final\\jboss-logging-3.3.2.Final.jar","sourceContainerUrl":"file:/C:/Users/Hyeonuk/.m2/repository/org/jboss/logging/jboss-logging/3.3.2.Final/jboss-logging-3.3.2.Final-sources.jar","javadocContainerUrl":"file:/C:/Users/Hyeonuk/.m2/repository/org/jboss/logging/jboss-logging/3.3.2.Final/jboss-logging-3.3.2.Final-javadoc.jar","isSystem":false,"isOwn":false,"isTest":false,"isJavaContent":false},{"kind":"binary","path":"C:\\Users\\Hyeonuk\\.m2\\repository\\javax\\persistence\\javax.persistence-api\\2.2\\javax.persistence-api-2.2.jar","sourceContainerUrl":"file:/C:/Users/Hyeonuk/.m2/repository/javax/persistence/javax.persistence-api/2.2/javax.persistence-api-2.2-sources.jar","javadocContainerUrl":"file:/C:/Users/Hyeonuk/.m2/repository/javax/persistence/javax.persistence-api/2.2/javax.persistence-api-2.2-javadoc.jar","isSystem":false,"isOwn":false,"isTest":false,"isJavaContent":false},{"kind":"binary","path":"C:\\Users\\Hyeonuk\\.m2\\repository\\org\\javassist\\javassist\\3.24.0-GA\\javassist-3.24.0-GA.jar","sourceContainerUrl":"file:/C:/Users/Hyeonuk/.m2/repository/org/javassist/javassist/3.24.0-GA/javassist-3.24.0-GA-sources.jar","javadocContainerUrl":"file:/C:/Users/Hyeonuk/.m2/repository/org/javassist/javassist/3.24.0-GA/javassist-3.24.0-GA-javadoc.jar","isSystem":false,"isOwn":false,"isTest":false,"isJavaContent":false},{"kind":"binary","path":"C:\\Users\\Hyeonuk\\.m2\\repository\\net\\bytebuddy\\byte-buddy\\1.10.2\\byte-buddy-1.10.2.jar","sourceContainerUrl":"file:/C:/Users/Hyeonuk/.m2/repository/net/bytebuddy/byte-buddy/1.10.2/byte-buddy-1.10.2-sources.jar","javadocContainerUrl":"file:/C:/Users/Hyeonuk/.m2/repository/net/bytebuddy/byte-buddy/1.10.2/byte-buddy-1.10.2-javadoc.jar","isSystem":false,"isOwn":false,"isTest":false,"isJavaContent":false},{"kind":"binary","path":"C:\\Users\\Hyeonuk\\.m2\\repository\\antlr\\antlr\\2.7.7\\antlr-2.7.7.jar","isSystem":false,"isOwn":false,"isTest":false,"isJavaContent":false},{"kind":"binary","path":"C:\\Users\\Hyeonuk\\.m2\\repository\\org\\jboss\\spec\\javax\\transaction\\jboss-transaction-api_1.2_spec\\1.1.1.Final\\jboss-transaction-api_1.2_spec-1.1.1.Final.jar","sourceContainerUrl":"file:/C:/Users/Hyeonuk/.m2/repository/org/jboss/spec/javax/transaction/jboss-transaction-api_1.2_spec/1.1.1.Final/jboss-transaction-api_1.2_spec-1.1.1.Final-sources.jar","javadocContainerUrl":"file:/C:/Users/Hyeonuk/.m2/repository/org/jboss/spec/javax/transaction/jboss-transaction-api_1.2_spec/1.1.1.Final/jboss-transaction-api_1.2_spec-1.1.1.Final-javadoc.jar","isSystem":false,"isOwn":false,"isTest":false,"isJavaContent":false},{"kind":"binary","path":"C:\\Users\\Hyeonuk\\.m2\\repository\\org\\jboss\\jandex\\2.1.1.Final\\jandex-2.1.1.Final.jar","sourceContainerUrl":"file:/C:/Users/Hyeonuk/.m2/repository/org/jboss/jandex/2.1.1.Final/jandex-2.1.1.Final-sources.jar","isSystem":false,"isOwn":false,"isTest":false,"isJavaContent":false},{"kind":"binary","path":"C:\\Users\\Hyeonuk\\.m2\\repository\\com\\fasterxml\\classmate\\1.5.1\\classmate-1.5.1.jar","sourceContainerUrl":"file:/C:/Users/Hyeonuk/.m2/repository/com/fasterxml/classmate/1.5.1/classmate-1.5.1-sources.jar","javadocContainerUrl":"file:/C:/Users/Hyeonuk/.m2/repository/com/fasterxml/classmate/1.5.1/classmate-1.5.1-javadoc.jar","isSystem":false,"isOwn":false,"isTest":false,"isJavaContent":false},{"kind":"binary","path":"C:\\Users\\Hyeonuk\\.m2\\repository\\javax\\activation\\javax.activation-api\\1.2.0\\javax.activation-api-1.2.0.jar","sourceContainerUrl":"file:/C:/Users/Hyeonuk/.m2/repository/javax/activation/javax.activation-api/1.2.0/javax.activation-api-1.2.0-sources.jar","javadocContainerUrl":"file:/C:/Users/Hyeonuk/.m2/repository/javax/activation/javax.activation-api/1.2.0/javax.activation-api-1.2.0-javadoc.jar","isSystem":false,"isOwn":false,"isTest":false,"isJavaContent":false},{"kind":"binary","path":"C:\\Users\\Hyeonuk\\.m2\\repository\\org\\dom4j\\dom4j\\2.1.1\\dom4j-2.1.1.jar","sourceContainerUrl":"file:/C:/Users/Hyeonuk/.m2/repository/org/dom4j/dom4j/2.1.1/dom4j-2.1.1-sources.jar","javadocContainerUrl":"file:/C:/Users/Hyeonuk/.m2/repository/org/dom4j/dom4j/2.1.1/dom4j-2.1.1-javadoc.jar","isSystem":false,"isOwn":false,"isTest":false,"isJavaContent":false},{"kind":"binary","path":"C:\\Users\\Hyeonuk\\.m2\\repository\\org\\hibernate\\common\\hibernate-commons-annotations\\5.1.0.Final\\hibernate-commons-annotations-5.1.0.Final.jar","sourceContainerUrl":"file:/C:/Users/Hyeonuk/.m2/repository/org/hibernate/common/hibernate-commons-annotations/5.1.0.Final/hibernate-commons-annotations-5.1.0.Final-sources.jar","isSystem":false,"isOwn":false,"isTest":false,"isJavaContent":false},{"kind":"binary","path":"C:\\Users\\Hyeonuk\\.m2\\repository\\javax\\xml\\bind\\jaxb-api\\2.3.1\\jaxb-api-2.3.1.jar","sourceContainerUrl":"file:/C:/Users/Hyeonuk/.m2/repository/javax/xml/bind/jaxb-api/2.3.1/jaxb-api-2.3.1-sources.jar","javadocContainerUrl":"file:/C:/Users/Hyeonuk/.m2/repository/javax/xml/bind/jaxb-api/2.3.1/jaxb-api-2.3.1-javadoc.jar","isSystem":false,"isOwn":false,"isTest":false,"isJavaContent":false},{"kind":"binary","path":"C:\\Users\\Hyeonuk\\.m2\\repository\\org\\glassfish\\jaxb\\jaxb-runtime\\2.3.1\\jaxb-runtime-2.3.1.jar","sourceContainerUrl":"file:/C:/Users/Hyeonuk/.m2/repository/org/glassfish/jaxb/jaxb-runtime/2.3.1/jaxb-runtime-2.3.1-sources.jar","javadocContainerUrl":"file:/C:/Users/Hyeonuk/.m2/repository/org/glassfish/jaxb/jaxb-runtime/2.3.1/jaxb-runtime-2.3.1-javadoc.jar","isSystem":false,"isOwn":false,"isTest":false,"isJavaContent":false},{"kind":"binary","path":"C:\\Users\\Hyeonuk\\.m2\\repository\\org\\glassfish\\jaxb\\txw2\\2.3.1\\txw2-2.3.1.jar","sourceContainerUrl":"file:/C:/Users/Hyeonuk/.m2/repository/org/glassfish/jaxb/txw2/2.3.1/txw2-2.3.1-sources.jar","javadocContainerUrl":"file:/C:/Users/Hyeonuk/.m2/repository/org/glassfish/jaxb/txw2/2.3.1/txw2-2.3.1-javadoc.jar","isSystem":false,"isOwn":false,"isTest":false,"isJavaContent":false},{"kind":"binary","path":"C:\\Users\\Hyeonuk\\.m2\\repository\\com\\sun\\istack\\istack-commons-runtime\\3.0.7\\istack-commons-runtime-3.0.7.jar","sourceContainerUrl":"file:/C:/Users/Hyeonuk/.m2/repository/com/sun/istack/istack-commons-runtime/3.0.7/istack-commons-runtime-3.0.7-sources.jar","javadocContainerUrl":"file:/C:/Users/Hyeonuk/.m2/repository/com/sun/istack/istack-commons-runtime/3.0.7/istack-commons-runtime-3.0.7-javadoc.jar","isSystem":false,"isOwn":false,"isTest":false,"isJavaContent":false},{"kind":"binary","path":"C:\\Users\\Hyeonuk\\.m2\\repository\\org\\jvnet\\staxex\\stax-ex\\1.8\\stax-ex-1.8.jar","sourceContainerUrl":"file:/C:/Users/Hyeonuk/.m2/repository/org/jvnet/staxex/stax-ex/1.8/stax-ex-1.8-sources.jar","javadocContainerUrl":"file:/C:/Users/Hyeonuk/.m2/repository/org/jvnet/staxex/stax-ex/1.8/stax-ex-1.8-javadoc.jar","isSystem":false,"isOwn":false,"isTest":false,"isJavaContent":false},{"kind":"binary","path":"C:\\Users\\Hyeonuk\\.m2\\repository\\com\\sun\\xml\\fastinfoset\\FastInfoset\\1.2.15\\FastInfoset-1.2.15.jar","sourceContainerUrl":"file:/C:/Users/Hyeonuk/.m2/repository/com/sun/xml/fastinfoset/FastInfoset/1.2.15/FastInfoset-1.2.15-sources.jar","javadocContainerUrl":"file:/C:/Users/Hyeonuk/.m2/repository/com/sun/xml/fastinfoset/FastInfoset/1.2.15/FastInfoset-1.2.15-javadoc.jar","isSystem":false,"isOwn":false,"isTest":false,"isJavaContent":false},{"kind":"binary","path":"C:\\Users\\Hyeonuk\\.m2\\repository\\org\\hibernate\\hibernate-entitymanager\\5.4.10.Final\\hibernate-entitymanager-5.4.10.Final.jar","sourceContainerUrl":"file:/C:/Users/Hyeonuk/.m2/repository/org/hibernate/hibernate-entitymanager/5.4.10.Final/hibernate-entitymanager-5.4.10.Final-sources.jar","javadocContainerUrl":"file:/C:/Users/Hyeonuk/.m2/repository/org/hibernate/hibernate-entitymanager/5.4.10.Final/hibernate-entitymanager-5.4.10.Final-javadoc.jar","isSystem":false,"isOwn":false,"isTest":false,"isJavaContent":false},{"kind":"binary","path":"C:\\Users\\Hyeonuk\\.m2\\repository\\org\\hibernate\\validator\\hibernate-validator\\6.1.2.Final\\hibernate-validator-6.1.2.Final.jar","sourceContainerUrl":"file:/C:/Users/Hyeonuk/.m2/repository/org/hibernate/validator/hibernate-validator/6.1.2.Final/hibernate-validator-6.1.2.Final-sources.jar","isSystem":false,"isOwn":false,"isTest":false,"isJavaContent":false},{"kind":"binary","path":"C:\\Users\\Hyeonuk\\.m2\\repository\\jakarta\\validation\\jakarta.validation-api\\2.0.2\\jakarta.validation-api-2.0.2.jar","sourceContainerUrl":"file:/C:/Users/Hyeonuk/.m2/repository/jakarta/validation/jakarta.validation-api/2.0.2/jakarta.validation-api-2.0.2-sources.jar","javadocContainerUrl":"file:/C:/Users/Hyeonuk/.m2/repository/jakarta/validation/jakarta.validation-api/2.0.2/jakarta.validation-api-2.0.2-javadoc.jar","isSystem":false,"isOwn":false,"isTest":false,"isJavaContent":false},{"kind":"source","path":"D:\\dev\\Projects\\JAVASTUDY\\spring\\Clevernote\\src\\main\\java","outputFolder":"D:\\dev\\Projects\\JAVASTUDY\\spring\\Clevernote\\target\\classes","javadocContainerUrl":"file:/D:/dev/Projects/JAVASTUDY/spring/Clevernote/target/site/apidocs","isSystem":false,"isOwn":true,"isTest":false,"isJavaContent":true},{"kind":"source","path":"D:\\dev\\Projects\\JAVASTUDY\\spring\\Clevernote\\src\\test\\java","outputFolder":"D:\\dev\\Projects\\JAVASTUDY\\spring\\Clevernote\\target\\test-classes","javadocContainerUrl":"file:/D:/dev/Projects/JAVASTUDY/spring/Clevernote/target/site/apidocs","isSystem":false,"isOwn":true,"isTest":true,"isJavaContent":true},{"kind":"source","path":"D:\\dev\\Projects\\JAVASTUDY\\spring\\Clevernote\\src\\main\\resources","outputFolder":"D:\\dev\\Projects\\JAVASTUDY\\spring\\Clevernote\\target\\classes","isSystem":false,"isOwn":true,"isTest":false,"isJavaContent":false},{"kind":"source","path":"D:\\dev\\Projects\\JAVASTUDY\\spring\\Clevernote\\src\\test\\resources","outputFolder":"D:\\dev\\Projects\\JAVASTUDY\\spring\\Clevernote\\target\\test-classes","isSystem":false,"isOwn":true,"isTest":true,"isJavaContent":false},{"kind":"source","path":"D:\\dev\\Projects\\JAVASTUDY\\spring\\Clevernote\\src\\test\\java","outputFolder":"D:\\dev\\Projects\\JAVASTUDY\\spring\\Clevernote\\target\\test-classes","javadocContainerUrl":"file:/D:/dev/Projects/JAVASTUDY/spring/Clevernote/target/site/apidocs","isSystem":false,"isOwn":true,"isTest":false,"isJavaContent":false}]}