<?xml version="1.0" encoding="UTF-8"?>
<!DOCTYPE mapper PUBLIC "-//mybatis.org//DTD Mapper 3.0//EN" "http://mybatis.org/dtd/mybatis-3-mapper.dtd">
<mapper namespace="mappers.BoardDAO-mapper">

	<!-- 카테고리 읽어오기 -->
	<select id="getCategory"
					resultType="BoardCategoryVO">
		select cid,cname from board_category
	</select>	
	<!-- 게시글작성 -->
	<insert id="write"  
					parameterType="BoardVO">
		INSERT INTO board (
		  bnum,    
		  bcategory,  
		  btitle,  
		  bid,      
		  bnickname,
		  bcontent,
		  bgroup
		) VALUES (
		  board_bnum_seq.nextval,  
		  #{boardCategoryVO.cid},  
		  #{btitle},  
		  #{bid},  
		  #{bnickname},
		  #{bcontent},
		  board_bnum_seq.currval
		)	
		<selectKey keyProperty="bnum" resultType="long" order="AFTER">
			select board_bnum_seq.currval from dual
		</selectKey>
	</insert>
	<!-- 첨부파일 저장  -->
	<insert id="fileWrite"
					parameterType="BoardFileVO">
		insert into board_upload_file	(
			  fid, 	  bnum, 	 fname, 	 fsize, 	 ftype, 	 fdata
		)values(
			board_upload_file_fid_seq.nextval, #{bnum}, #{fname}, #{fsize}, #{ftype}, #{fdata} 				
		)			
	
	</insert>
	<!-- 게시글수정 -->
	<update id="modify"
					parameterType="BoardVO">
		update board	
			 set bcategory = #{boardCategoryVO.cid},
			 		 btitle    = #{btitle},
			 		 bcontent  = #{bcontent},
					 budate    = systimestamp	 		 
		 where bnum      = #{bnum}
	</update>
		
	<!-- 게시글삭제 -->
	<delete id="delete" parameterType="long">
		delete from board where bnum = #{bnum}
	</delete>
	<!-- 첨부파일 1건 삭제 -->
	<delete id="fileDelete" parameterType="long">
		delete from board_upload_file where fid = #{fid}
	</delete>
	<!-- 게시글 첨부파일 전체 삭제 -->
	<delete id="filesDelete" parameterType="long">
		delete from board_upload_file where bnum = #{bnum}
	</delete>
	
	<!-- 게시글보기 -->
	<select id="view" 
					parameterType="long"
					resultType="BoardVO">
		SELECT
		  bnum,
		  t2.cid   as "boardCategoryVO.cid",
		  t2.cname as "boardCategoryVO.cname",
		  btitle,
		  bid,
		  bnickname,
		  bcdate,
		  budate,
		  bhit,
		  bcontent,
		  bgroup,
		  bstep,
		  bindent
		FROM
		  board t1 ,board_category t2
		where t1.bcategory = t2.cid	
			and t1.bnum 		 = #{bnum}
	</select>
	<!-- 첨부파일 가져오기 -->
	<select id="fileViews"
					parameterType="long"
					resultType="BoardFileVO">
					
		SELECT fid, bnum, fname, fsize, ftype, fdata, cdate, udate
		  FROM board_upload_file
		 where bnum = #{bnum}	
		 order by fid desc  				
	</select>
	<!-- 조회수 +1증가 -->
	<update id="updateHit" 
					parameterType="long">
	
		update board
			 set bhit = bhit + 1
		 where bnum = #{bnum}
	</update>
	<!-- 게시글목록 -->
	<!-- 1)전체 -->
	<select id="list"
					resultType="BoardVO">
		SELECT
		  bnum,
		  t2.cid   as "boardCategoryVO.cid",
		  t2.cname as "boardCategoryVO.cname",
		  btitle,
		  bid,
		  bnickname,
		  bcdate,
		  budate,
		  bhit,
		  bcontent,
		  bgroup,
		  bstep,
		  bindent
		FROM
		  board t1 ,board_category t2
		where t1.bcategory = t2.cid	
    order by t1.bgroup desc,
             t1.bstep asc
	</select>		  
	<!-- 2)검색어 없는 게시글페이징 -->
	
	<!-- 3)검색어 있는 게시글검색(전체,제목,내용,작성자ID,별칭) -->
	
	<!-- 게시글답글작성 -->
	<insert id="reply"  
					parameterType="BoardVO">
		INSERT INTO board (
		  bnum,    
		  bcategory,  
		  btitle,  
		  bid,      
		  bnickname,
		  bcontent,
		  bgroup,
		  bstep,
		  bindent
		) VALUES (
		  board_bnum_seq.nextval,  
		  #{boardCategoryVO.cid},  
		  #{btitle},  
		  #{bid},  
		  #{bnickname},
		  #{bcontent},
		  #{bgroup},
		  #{bstep} + 1,
		  #{bindent} + 1
		)	
		<selectKey keyProperty="bnum" resultType="long" order="AFTER">
			select board_bnum_seq.currval from dual
		</selectKey>
	</insert>
	<!-- 이전 답글step 업데이트 -->
	<!-- 이전 답글중 원글의 bstep보다 큰값이 있는경우 bstep + 1증가 -->
	<update id="updateStep" 
					parameterType="map">
		update board
		   set bstep = bstep + 1
	   where bgroup = #{bgroup} and bstep > #{bstep}	
	</update>
	
	<!-- 첨부파일 조회 -->
	<select id="fileView"
					parameterType="long"
					resultType="BoardFileVO">
					
		SELECT fid, bnum, fname, fsize, ftype, fdata, cdate, udate
		  FROM board_upload_file
		 where fid = #{fid}					
	</select>

</mapper>