<?xml version="1.0" encoding="UTF-8"?>
<beans:beans xmlns="http://www.springframework.org/schema/mvc"
	xmlns:xsi="http://www.w3.org/2001/XMLSchema-instance"
	xmlns:beans="http://www.springframework.org/schema/beans"
	xmlns:context="http://www.springframework.org/schema/context"
	xsi:schemaLocation="http://www.springframework.org/schema/mvc https://www.springframework.org/schema/mvc/spring-mvc.xsd
		http://www.springframework.org/schema/beans https://www.springframework.org/schema/beans/spring-beans.xsd
		http://www.springframework.org/schema/context https://www.springframework.org/schema/context/spring-context.xsd">

	<!-- DispatcherServlet Context: defines this servlet's request-processing infrastructure -->
	
	<!-- Enables the Spring MVC @Controller programming model -->
	<!-- 	@Controller가 붙은 클래스를 서버구동시 스프링컨테이너가 자동으로 빈 등록하도록 설정 -->
	<annotation-driven />
  
	<!-- Handles HTTP GET requests for /resources/** by efficiently serving up static resources in the ${webappRoot}/resources directory -->
	<!-- 	정적페이지 매핑경로설정 -->
	<resources mapping="/resources/**" location="/WEB-INF/resources/" />

	<!-- Resolves views selected for rendering by @Controllers to .jsp resources in the /WEB-INF/views directory -->
	<!-- 	뷰를 찾기위한 세팅 정보 -->
	<beans:bean class="org.springframework.web.servlet.view.InternalResourceViewResolver">
		<beans:property name="prefix" value="/WEB-INF/views/" />
		<beans:property name="suffix" value=".jsp" />
	</beans:bean>
	<!-- 	component : @Controller, @Service, @Repository 중에서 
				@Controller가 있는 클래스만 인스턴스화 하도록 설정함 -->
	<context:component-scan base-package="com.kh.portfolio"
													use-default-filters="false"> 
				<context:include-filter type="annotation" expression="org.springframework.stereotype.Controller"/>
				<context:include-filter type="annotation" expression="org.springframework.stereotype.ControllerAdvice"/>
	</context:component-scan>
	
	
	
</beans:beans>
