<?xml version="1.0" encoding="UTF-8"?>
<beans:beans xmlns="http://www.springframework.org/schema/mvc"
	xmlns:xsi="http://www.w3.org/2001/XMLSchema-instance"
	xmlns:beans="http://www.springframework.org/schema/beans"
	xmlns:context="http://www.springframework.org/schema/context"
	xsi:schemaLocation="http://www.springframework.org/schema/mvc https://www.springframework.org/schema/mvc/spring-mvc.xsd
		http://www.springframework.org/schema/beans https://www.springframework.org/schema/beans/spring-beans.xsd
		http://www.springframework.org/schema/context https://www.springframework.org/schema/context/spring-context.xsd">

	<!-- DispatcherServlet Context: defines this servlet's request-processing infrastructure -->
	
	<!-- Enables the Spring MVC @Controller programming model -->
	<!-- 	@Controller가 붙은 클래스를 서버구동시 스프링컨테이너가 자동으로 빈 등록하도록 설정 -->
	<annotation-driven />
  
	<!-- Handles HTTP GET requests for /resources/** by efficiently serving up static resources in the ${webappRoot}/resources directory -->
	<!-- 	정적페이지 매핑경로설정 -->
	<resources mapping="/resources/**" location="/WEB-INF/resources/" />
<!-- 웹 컴포넌트 라이브러리 url 매핑 -->
	<resources location="classpath:/META-INF/resources/webjars/" mapping="/webjars/**"></resources>


	<!-- Resolves views selected for rendering by @Controllers to .jsp resources in the /WEB-INF/views directory -->
	<!-- 	뷰를 찾기위한 세팅 정보 view resolver -->
	<beans:bean class="org.springframework.web.servlet.view.InternalResourceViewResolver">
		<beans:property name="prefix" value="/WEB-INF/views/" />
		<beans:property name="suffix" value=".jsp" />
	</beans:bean>
	<interceptors>
	<!-- 로그인 세션 확인 -->
		<interceptor>
	<!-- 1) 특정 url 지정 -->
			<mapping path="/admin/**/"/>
			<mapping path="/board/writeForm/**"/>
			<mapping path="/board/replyForm/**"/>
	<!-- 2) 빈 등록 -->
			<beans:bean id ="loginInterceptor"
					class="com.kh.portfolio.interceptor.LoginInterceptor"/>
		</interceptor>	
	</interceptors>
	<!-- 	파일 업로드 -->
	<beans:bean id ="multipartResolver"
		class="org.springframework.web.multipart.commons.CommonsMultipartResolver">
	<!-- 		파일당 업로드 제한 용량설정 10MB 1024*1024*10 1kb = 1024Byte -->
		<beans:property name="maxUploadSize" value="10485760"/>
		<beans:property name="defaultEncoding" value="utf-8"/>
		</beans:bean>
	<!-- 	component : @Controller, @Service, @Repository 중에서 
				@Controller가 있는 클래스만 인스턴스화 하도록 설정함 -->
	<context:component-scan base-package="com.kh.portfolio"
													use-default-filters="false"> 
				<context:include-filter type="annotation" expression="org.springframework.stereotype.Controller"/>
				<context:include-filter type="annotation" expression="org.springframework.stereotype.ControllerAdvice"/>
	</context:component-scan>
	
	
	
</beans:beans>
