<?xml version="1.0" encoding="UTF-8" ?>
<!DOCTYPE configuration
  PUBLIC "-//mybatis.org//DTD Config 3.0//EN"
  "http://mybatis.org/dtd/mybatis-3-config.dtd">
<configuration>
	<typeAliases>
<!-- 		<typeAlias type="com.kh.portfolio.member.vo.MemberVO" -->
<!-- 			alias="MemberVO" /> -->
		<typeAlias type="com.uginim.clevernote.note.vo.CategoryVO" alias="CategoryVO"/>
		<typeAlias type="com.uginim.clevernote.note.vo.NoteVO" alias="NoteVO"/>
		<typeAlias type="com.uginim.clevernote.note.vo.TagVO" alias="TagVO"/>
		<typeAlias type="com.uginim.clevernote.note.vo.TaggingVO" alias="TaggingVO"/>
				
		<typeAlias type="com.uginim.clevernote.user.vo.UserVO" alias="UserVO"/>
		
		<typeAlias type="com.uginim.clevernote.board.vo.BoardVO" alias="BoardVO"/>
		<typeAlias type="com.uginim.clevernote.board.vo.AttachmentFileVO" alias="AttachmentFileVO"/>
		<typeAlias type="com.uginim.clevernote.board.vo.BoardTypeVO" alias="BoardTypeVO"/>
		<typeAlias type="com.uginim.clevernote.board.vo.BoardCommentVO" alias="BoardCommentVO"/>
		<typeAlias type="com.uginim.clevernote.board.vo.VoteVO" alias="VoteVO"/>
		
		
	</typeAliases>
</configuration>