<?xml version="1.0" encoding="UTF-8"?>
<!DOCTYPE mapper PUBLIC "-//mybatis.org//DTD Mapper 3.0//EN" "http://mybatis.org/dtd/mybatis-3-mapper.dtd">
<mapper namespace="mappers.BoardDAO-mapper">
<!-- // 카데고리 읽어오기 -->
	<select id="read" resultType="BoardCategoryVO">
		select cid, cname from board_cateogry;
	</select>
<!-- 	// 게시글 작성 -->
	<insert id="write" parameterType="BoardVO" >
		
INSERT INTO board ( 
bnum,
bcategory,
btitle,
bid,
bnickname,
bcontent,
bgroup
)
values(
BOARD_BNUM_SEQ.nextval,
#{bcategory},
#{btitle},
#{bid},
#{bnickname},
#{bcontent},
board_bnum_seq.currval
);
		
	</insert>
<!-- 	int fileWrite(BoardFileVO file); // 첨부파일 -->
<!-- 	// 게시글 수정 -->
<!-- 	int modify(BoardVO boardVO); -->
<!-- 	int fileModify(BoardFileVO file); // 첨부파일 -->
<!-- 	// 게시글 삭제 -->
<!-- 	int delete(String bnum); -->
<!-- 	int fileDelete(String fid); // 첨부파일 -->
<!-- 	// 게시글 보기 -->
<!-- 	BoardVO view(String bnum); -->
<!-- 	List<BoardFileVO> fileView(String fid); -->
	
<!-- 	// 게시글 목록 -->
<!-- 	// 1) 전체 -->
<!-- 	List<BoardVO> list(); -->
<!-- 	// 2) 검색어 없는 게시글 페이징 -->
<!-- 	List<BoardVO> list(int startRec, int endRec, String SearchType); -->
<!-- 	// 3) 검색어 잇는 게시글 검색(전체,작성자id, 별칭, 제목, 내용) -->
<!-- 	List<BoardVO> list(int startRec, int endRec, String keyword, String SearchType); -->
<!-- 	// 게시글답글 작성 -->
<!-- 	int reply(BoardVO boardVO); -->

<select id="">

</select>

</mapper>