{
	"name": "portfolio",
	"classpathEntries": [
		{
			"kind": "binary",
			"path": "C:\\Program Files\\Java\\jdk1.8.0_201\\jre\\lib\\resources.jar",
			"javadocContainerUrl": "https://docs.oracle.com/javase/1/docs/api/",
			"isSystem": true,
			"isOwn": false,
			"isTest": false,
			"isJavaContent": false
		},
		{
			"kind": "binary",
			"path": "C:\\Program Files\\Java\\jdk1.8.0_201\\jre\\lib\\rt.jar",
			"javadocContainerUrl": "https://docs.oracle.com/javase/1/docs/api/",
			"isSystem": true,
			"isOwn": false,
			"isTest": false,
			"isJavaContent": false
		},
		{
			"kind": "binary",
			"path": "C:\\Program Files\\Java\\jdk1.8.0_201\\jre\\lib\\jsse.jar",
			"javadocContainerUrl": "https://docs.oracle.com/javase/1/docs/api/",
			"isSystem": true,
			"isOwn": false,
			"isTest": false,
			"isJavaContent": false
		},
		{
			"kind": "binary",
			"path": "C:\\Program Files\\Java\\jdk1.8.0_201\\jre\\lib\\jce.jar",
			"javadocContainerUrl": "https://docs.oracle.com/javase/1/docs/api/",
			"isSystem": true,
			"isOwn": false,
			"isTest": false,
			"isJavaContent": false
		},
		{
			"kind": "binary",
			"path": "C:\\Program Files\\Java\\jdk1.8.0_201\\jre\\lib\\charsets.jar",
			"javadocContainerUrl": "https://docs.oracle.com/javase/1/docs/api/",
			"isSystem": true,
			"isOwn": false,
			"isTest": false,
			"isJavaContent": false
		},
		{
			"kind": "binary",
			"path": "C:\\Program Files\\Java\\jdk1.8.0_201\\jre\\lib\\jfr.jar",
			"javadocContainerUrl": "https://docs.oracle.com/javase/1/docs/api/",
			"isSystem": true,
			"isOwn": false,
			"isTest": false,
			"isJavaContent": false
		},
		{
			"kind": "binary",
			"path": "C:\\Users\\Administrator\\.m2\\repository\\org\\springframework\\spring-context\\5.2.3.RELEASE\\spring-context-5.2.3.RELEASE.jar",
			"sourceContainerUrl": "file:/C:/Users/Administrator/.m2/repository/org/springframework/spring-context/5.2.3.RELEASE/spring-context-5.2.3.RELEASE-sources.jar",
			"javadocContainerUrl": "file:/C:/Users/Administrator/.m2/repository/org/springframework/spring-context/5.2.3.RELEASE/spring-context-5.2.3.RELEASE-javadoc.jar",
			"isSystem": false,
			"isOwn": false,
			"isTest": false,
			"isJavaContent": false
		},
		{
			"kind": "binary",
			"path": "C:\\Users\\Administrator\\.m2\\repository\\org\\springframework\\spring-aop\\5.2.3.RELEASE\\spring-aop-5.2.3.RELEASE.jar",
			"sourceContainerUrl": "file:/C:/Users/Administrator/.m2/repository/org/springframework/spring-aop/5.2.3.RELEASE/spring-aop-5.2.3.RELEASE-sources.jar",
			"javadocContainerUrl": "file:/C:/Users/Administrator/.m2/repository/org/springframework/spring-aop/5.2.3.RELEASE/spring-aop-5.2.3.RELEASE-javadoc.jar",
			"isSystem": false,
			"isOwn": false,
			"isTest": false,
			"isJavaContent": false
		},
		{
			"kind": "binary",
			"path": "C:\\Users\\Administrator\\.m2\\repository\\org\\springframework\\spring-beans\\5.2.3.RELEASE\\spring-beans-5.2.3.RELEASE.jar",
			"sourceContainerUrl": "file:/C:/Users/Administrator/.m2/repository/org/springframework/spring-beans/5.2.3.RELEASE/spring-beans-5.2.3.RELEASE-sources.jar",
			"javadocContainerUrl": "file:/C:/Users/Administrator/.m2/repository/org/springframework/spring-beans/5.2.3.RELEASE/spring-beans-5.2.3.RELEASE-javadoc.jar",
			"isSystem": false,
			"isOwn": false,
			"isTest": false,
			"isJavaContent": false
		},
		{
			"kind": "binary",
			"path": "C:\\Users\\Administrator\\.m2\\repository\\org\\springframework\\spring-core\\5.2.3.RELEASE\\spring-core-5.2.3.RELEASE.jar",
			"sourceContainerUrl": "file:/C:/Users/Administrator/.m2/repository/org/springframework/spring-core/5.2.3.RELEASE/spring-core-5.2.3.RELEASE-sources.jar",
			"javadocContainerUrl": "file:/C:/Users/Administrator/.m2/repository/org/springframework/spring-core/5.2.3.RELEASE/spring-core-5.2.3.RELEASE-javadoc.jar",
			"isSystem": false,
			"isOwn": false,
			"isTest": false,
			"isJavaContent": false
		},
		{
			"kind": "binary",
			"path": "C:\\Users\\Administrator\\.m2\\repository\\org\\springframework\\spring-jcl\\5.2.3.RELEASE\\spring-jcl-5.2.3.RELEASE.jar",
			"sourceContainerUrl": "file:/C:/Users/Administrator/.m2/repository/org/springframework/spring-jcl/5.2.3.RELEASE/spring-jcl-5.2.3.RELEASE-sources.jar",
			"javadocContainerUrl": "file:/C:/Users/Administrator/.m2/repository/org/springframework/spring-jcl/5.2.3.RELEASE/spring-jcl-5.2.3.RELEASE-javadoc.jar",
			"isSystem": false,
			"isOwn": false,
			"isTest": false,
			"isJavaContent": false
		},
		{
			"kind": "binary",
			"path": "C:\\Users\\Administrator\\.m2\\repository\\org\\springframework\\spring-expression\\5.2.3.RELEASE\\spring-expression-5.2.3.RELEASE.jar",
			"sourceContainerUrl": "file:/C:/Users/Administrator/.m2/repository/org/springframework/spring-expression/5.2.3.RELEASE/spring-expression-5.2.3.RELEASE-sources.jar",
			"javadocContainerUrl": "file:/C:/Users/Administrator/.m2/repository/org/springframework/spring-expression/5.2.3.RELEASE/spring-expression-5.2.3.RELEASE-javadoc.jar",
			"isSystem": false,
			"isOwn": false,
			"isTest": false,
			"isJavaContent": false
		},
		{
			"kind": "binary",
			"path": "C:\\Users\\Administrator\\.m2\\repository\\org\\springframework\\spring-webmvc\\5.2.3.RELEASE\\spring-webmvc-5.2.3.RELEASE.jar",
			"sourceContainerUrl": "file:/C:/Users/Administrator/.m2/repository/org/springframework/spring-webmvc/5.2.3.RELEASE/spring-webmvc-5.2.3.RELEASE-sources.jar",
			"javadocContainerUrl": "file:/C:/Users/Administrator/.m2/repository/org/springframework/spring-webmvc/5.2.3.RELEASE/spring-webmvc-5.2.3.RELEASE-javadoc.jar",
			"isSystem": false,
			"isOwn": false,
			"isTest": false,
			"isJavaContent": false
		},
		{
			"kind": "binary",
			"path": "C:\\Users\\Administrator\\.m2\\repository\\org\\springframework\\spring-web\\5.2.3.RELEASE\\spring-web-5.2.3.RELEASE.jar",
			"sourceContainerUrl": "file:/C:/Users/Administrator/.m2/repository/org/springframework/spring-web/5.2.3.RELEASE/spring-web-5.2.3.RELEASE-sources.jar",
			"javadocContainerUrl": "file:/C:/Users/Administrator/.m2/repository/org/springframework/spring-web/5.2.3.RELEASE/spring-web-5.2.3.RELEASE-javadoc.jar",
			"isSystem": false,
			"isOwn": false,
			"isTest": false,
			"isJavaContent": false
		},
		{
			"kind": "binary",
			"path": "C:\\Users\\Administrator\\.m2\\repository\\org\\aspectj\\aspectjrt\\1.9.5\\aspectjrt-1.9.5.jar",
			"sourceContainerUrl": "file:/C:/Users/Administrator/.m2/repository/org/aspectj/aspectjrt/1.9.5/aspectjrt-1.9.5-sources.jar",
			"javadocContainerUrl": "file:/C:/Users/Administrator/.m2/repository/org/aspectj/aspectjrt/1.9.5/aspectjrt-1.9.5-javadoc.jar",
			"isSystem": false,
			"isOwn": false,
			"isTest": false,
			"isJavaContent": false
		},
		{
			"kind": "binary",
			"path": "C:\\Users\\Administrator\\.m2\\repository\\org\\slf4j\\slf4j-api\\1.7.30\\slf4j-api-1.7.30.jar",
			"sourceContainerUrl": "file:/C:/Users/Administrator/.m2/repository/org/slf4j/slf4j-api/1.7.30/slf4j-api-1.7.30-sources.jar",
			"javadocContainerUrl": "file:/C:/Users/Administrator/.m2/repository/org/slf4j/slf4j-api/1.7.30/slf4j-api-1.7.30-javadoc.jar",
			"isSystem": false,
			"isOwn": false,
			"isTest": false,
			"isJavaContent": false
		},
		{
			"kind": "binary",
			"path": "C:\\Users\\Administrator\\.m2\\repository\\org\\slf4j\\jcl-over-slf4j\\1.7.30\\jcl-over-slf4j-1.7.30.jar",
			"sourceContainerUrl": "file:/C:/Users/Administrator/.m2/repository/org/slf4j/jcl-over-slf4j/1.7.30/jcl-over-slf4j-1.7.30-sources.jar",
			"javadocContainerUrl": "file:/C:/Users/Administrator/.m2/repository/org/slf4j/jcl-over-slf4j/1.7.30/jcl-over-slf4j-1.7.30-javadoc.jar",
			"isSystem": false,
			"isOwn": false,
			"isTest": false,
			"isJavaContent": false
		},
		{
			"kind": "binary",
			"path": "C:\\Users\\Administrator\\.m2\\repository\\org\\slf4j\\slf4j-log4j12\\1.7.30\\slf4j-log4j12-1.7.30.jar",
			"sourceContainerUrl": "file:/C:/Users/Administrator/.m2/repository/org/slf4j/slf4j-log4j12/1.7.30/slf4j-log4j12-1.7.30-sources.jar",
			"javadocContainerUrl": "file:/C:/Users/Administrator/.m2/repository/org/slf4j/slf4j-log4j12/1.7.30/slf4j-log4j12-1.7.30-javadoc.jar",
			"isSystem": false,
			"isOwn": false,
			"isTest": false,
			"isJavaContent": false
		},
		{
			"kind": "binary",
			"path": "C:\\Users\\Administrator\\.m2\\repository\\log4j\\log4j\\1.2.15\\log4j-1.2.15.jar",
			"sourceContainerUrl": "file:/C:/Users/Administrator/.m2/repository/log4j/log4j/1.2.15/log4j-1.2.15-sources.jar",
			"isSystem": false,
			"isOwn": false,
			"isTest": false,
			"isJavaContent": false
		},
		{
			"kind": "binary",
			"path": "C:\\Users\\Administrator\\.m2\\repository\\javax\\inject\\javax.inject\\1\\javax.inject-1.jar",
			"sourceContainerUrl": "file:/C:/Users/Administrator/.m2/repository/javax/inject/javax.inject/1/javax.inject-1-sources.jar",
			"javadocContainerUrl": "file:/C:/Users/Administrator/.m2/repository/javax/inject/javax.inject/1/javax.inject-1-javadoc.jar",
			"isSystem": false,
			"isOwn": false,
			"isTest": false,
			"isJavaContent": false
		},
		{
			"kind": "binary",
			"path": "C:\\Users\\Administrator\\.m2\\repository\\javax\\servlet\\javax.servlet-api\\4.0.1\\javax.servlet-api-4.0.1.jar",
			"sourceContainerUrl": "file:/C:/Users/Administrator/.m2/repository/javax/servlet/javax.servlet-api/4.0.1/javax.servlet-api-4.0.1-sources.jar",
			"javadocContainerUrl": "file:/C:/Users/Administrator/.m2/repository/javax/servlet/javax.servlet-api/4.0.1/javax.servlet-api-4.0.1-javadoc.jar",
			"isSystem": false,
			"isOwn": false,
			"isTest": false,
			"isJavaContent": false
		},
		{
			"kind": "binary",
			"path": "C:\\Users\\Administrator\\.m2\\repository\\org\\apache\\taglibs\\taglibs-standard-spec\\1.2.5\\taglibs-standard-spec-1.2.5.jar",
			"sourceContainerUrl": "file:/C:/Users/Administrator/.m2/repository/org/apache/taglibs/taglibs-standard-spec/1.2.5/taglibs-standard-spec-1.2.5-sources.jar",
			"javadocContainerUrl": "file:/C:/Users/Administrator/.m2/repository/org/apache/taglibs/taglibs-standard-spec/1.2.5/taglibs-standard-spec-1.2.5-javadoc.jar",
			"isSystem": false,
			"isOwn": false,
			"isTest": false,
			"isJavaContent": false
		},
		{
			"kind": "binary",
			"path": "C:\\Users\\Administrator\\.m2\\repository\\org\\apache\\taglibs\\taglibs-standard-impl\\1.2.5\\taglibs-standard-impl-1.2.5.jar",
			"sourceContainerUrl": "file:/C:/Users/Administrator/.m2/repository/org/apache/taglibs/taglibs-standard-impl/1.2.5/taglibs-standard-impl-1.2.5-sources.jar",
			"javadocContainerUrl": "file:/C:/Users/Administrator/.m2/repository/org/apache/taglibs/taglibs-standard-impl/1.2.5/taglibs-standard-impl-1.2.5-javadoc.jar",
			"isSystem": false,
			"isOwn": false,
			"isTest": false,
			"isJavaContent": false
		},
		{
			"kind": "binary",
			"path": "C:\\Users\\Administrator\\.m2\\repository\\org\\apache\\taglibs\\taglibs-standard-jstlel\\1.2.5\\taglibs-standard-jstlel-1.2.5.jar",
			"sourceContainerUrl": "file:/C:/Users/Administrator/.m2/repository/org/apache/taglibs/taglibs-standard-jstlel/1.2.5/taglibs-standard-jstlel-1.2.5-sources.jar",
			"javadocContainerUrl": "file:/C:/Users/Administrator/.m2/repository/org/apache/taglibs/taglibs-standard-jstlel/1.2.5/taglibs-standard-jstlel-1.2.5-javadoc.jar",
			"isSystem": false,
			"isOwn": false,
			"isTest": false,
			"isJavaContent": false
		},
		{
			"kind": "binary",
			"path": "C:\\Users\\Administrator\\.m2\\repository\\org\\springframework\\spring-jdbc\\5.2.3.RELEASE\\spring-jdbc-5.2.3.RELEASE.jar",
			"sourceContainerUrl": "file:/C:/Users/Administrator/.m2/repository/org/springframework/spring-jdbc/5.2.3.RELEASE/spring-jdbc-5.2.3.RELEASE-sources.jar",
			"javadocContainerUrl": "file:/C:/Users/Administrator/.m2/repository/org/springframework/spring-jdbc/5.2.3.RELEASE/spring-jdbc-5.2.3.RELEASE-javadoc.jar",
			"isSystem": false,
			"isOwn": false,
			"isTest": false,
			"isJavaContent": false
		},
		{
			"kind": "binary",
			"path": "C:\\Users\\Administrator\\.m2\\repository\\org\\springframework\\spring-tx\\5.2.3.RELEASE\\spring-tx-5.2.3.RELEASE.jar",
			"sourceContainerUrl": "file:/C:/Users/Administrator/.m2/repository/org/springframework/spring-tx/5.2.3.RELEASE/spring-tx-5.2.3.RELEASE-sources.jar",
			"javadocContainerUrl": "file:/C:/Users/Administrator/.m2/repository/org/springframework/spring-tx/5.2.3.RELEASE/spring-tx-5.2.3.RELEASE-javadoc.jar",
			"isSystem": false,
			"isOwn": false,
			"isTest": false,
			"isJavaContent": false
		},
		{
			"kind": "binary",
			"path": "C:\\Users\\Administrator\\.m2\\repository\\com\\oracle\\jdbc\\ojdbc8\\12.2.0.1\\ojdbc8-12.2.0.1.jar",
			"isSystem": false,
			"isOwn": false,
			"isTest": false,
			"isJavaContent": false
		},
		{
			"kind": "binary",
			"path": "C:\\Users\\Administrator\\.m2\\repository\\com\\oracle\\jdbc\\ucp\\12.2.0.1\\ucp-12.2.0.1.jar",
			"isSystem": false,
			"isOwn": false,
			"isTest": false,
			"isJavaContent": false
		},
		{
			"kind": "binary",
			"path": "C:\\Users\\Administrator\\.m2\\repository\\junit\\junit\\4.7\\junit-4.7.jar",
			"sourceContainerUrl": "file:/C:/Users/Administrator/.m2/repository/junit/junit/4.7/junit-4.7-sources.jar",
			"isSystem": false,
			"isOwn": false,
			"isTest": false,
			"isJavaContent": false
		},
		{
			"kind": "source",
			"path": "D:\\JAVASTUDY\\springedu\\springedu\\src\\main\\java",
			"outputFolder": "D:\\JAVASTUDY\\springedu\\springedu\\target\\classes",
			"javadocContainerUrl": "file:/D:/JAVASTUDY/springedu/springedu/target/site/apidocs",
			"isSystem": false,
			"isOwn": true,
			"isTest": false,
			"isJavaContent": true
		},
		{
			"kind": "source",
			"path": "D:\\JAVASTUDY\\springedu\\springedu\\src\\test\\java",
			"outputFolder": "D:\\JAVASTUDY\\springedu\\springedu\\target\\test-classes",
			"javadocContainerUrl": "file:/D:/JAVASTUDY/springedu/springedu/target/site/apidocs",
			"isSystem": false,
			"isOwn": true,
			"isTest": true,
			"isJavaContent": true
		},
		{
			"kind": "source",
			"path": "D:\\JAVASTUDY\\springedu\\springedu\\src\\main\\resources",
			"outputFolder": "D:\\JAVASTUDY\\springedu\\springedu\\target\\classes",
			"isSystem": false,
			"isOwn": true,
			"isTest": false,
			"isJavaContent": false
		},
		{
			"kind": "source",
			"path": "D:\\JAVASTUDY\\springedu\\springedu\\src\\test\\resources",
			"outputFolder": "D:\\JAVASTUDY\\springedu\\springedu\\target\\test-classes",
			"isSystem": false,
			"isOwn": true,
			"isTest": true,
			"isJavaContent": false
		},
		{
			"kind": "source",
			"path": "D:\\JAVASTUDY\\springedu\\springedu\\src\\test\\java",
			"outputFolder": "D:\\JAVASTUDY\\springedu\\springedu\\target\\test-classes",
			"javadocContainerUrl": "file:/D:/JAVASTUDY/springedu/springedu/target/site/apidocs",
			"isSystem": false,
			"isOwn": true,
			"isTest": false,
			"isJavaContent": false
		}
	]
}