<?xml version="1.0" encoding="UTF-8"?>
<!DOCTYPE mapper PUBLIC "-//mybatis.org//DTD Mapper 3.0//EN" "http://mybatis.org/dtd/mybatis-3-mapper.dtd">
<mapper namespace="mappers.MemberDAO-mapper">


	<!-- 회원 등록 -->
	<insert id="joinMember"
		parameterType="MemberVO">
		INSERT INTO member ( id, pw, tel, nickname, gender,
		region, birth, cdate )
		VALUES
		(#{id},#{pw},#{tel},#{nickname},#{gender},#{region},#{birth},systimestamp)
	</insert>

	<!-- 회원 수정 -->
	<update id="modifyMember" parameterType="MemberVO">
		UPDATE Member SET
		nickname = #{nickname},
		tel= #{tel},
		gender = #{gender},
		region = #{region},
		birth = #{birth},
		udate = systimestamp
		WHERE id = #{id}
	</update>
	<!-- 회원 전체 조회 -->
	<select id="selectAllMember" parameterType="MemberVO" resultType="MemberVO">
		SELECT 	id, pw, tel, nickname, gender, 
						region, birth, cdate, udate 
		FROM Member
	</select>
	<!-- 회원 개별 조회 -->
	<select id="selectMember" parameterType="string"  resultType="MemberVO">
		SELECT 	id, pw, tel, nickname, gender, 
						region, birth, cdate, udate
		FROM Member
		WHERE id = #{id}
	</select>

	<!-- 회원 탈퇴 -->
	<delete id="outMember" parameterType="hashmap">
		DELETE FROM Member
		WHERE id = #{id}
		AND pw = #{pw}
	</delete>

	<!-- 로그인 -->
	<select id="loginMember" parameterType="MemberVO" resultType="MemberVO">
		SELECT *
		FROM Member
		WHERE id = #{id}
		AND pw = #{pw}
	</select>

	<!-- 아이디 찾기 -->
	<select id="findID" parameterType="MemberVO" resultType="String">
		SELECT id
		FROM Member
		WHERE tel = #{tel}
		AND birth = #{birth}
	</select>
	<!-- 비밀번호 변경 -->
	<update id="changePW" parameterType="MemberVO">
		UPDATE Member
		SET
		pw = #{pw}
		WHERE id = #{id}
	</update>


</mapper>