{
	"name": "myweb",
	"classpathEntries": [
		{
			"kind": "binary",
			"path": "C:\\Program Files\\Java\\jdk1.8.0_201\\jre\\lib\\resources.jar",
			"javadocContainerUrl": "https://docs.oracle.com/javase/1/docs/api/",
			"isSystem": true,
			"isOwn": false,
			"isTest": false,
			"isJavaContent": false
		},
		{
			"kind": "binary",
			"path": "C:\\Program Files\\Java\\jdk1.8.0_201\\jre\\lib\\rt.jar",
			"javadocContainerUrl": "https://docs.oracle.com/javase/1/docs/api/",
			"isSystem": true,
			"isOwn": false,
			"isTest": false,
			"isJavaContent": false
		},
		{
			"kind": "binary",
			"path": "C:\\Program Files\\Java\\jdk1.8.0_201\\jre\\lib\\jsse.jar",
			"javadocContainerUrl": "https://docs.oracle.com/javase/1/docs/api/",
			"isSystem": true,
			"isOwn": false,
			"isTest": false,
			"isJavaContent": false
		},
		{
			"kind": "binary",
			"path": "C:\\Program Files\\Java\\jdk1.8.0_201\\jre\\lib\\jce.jar",
			"javadocContainerUrl": "https://docs.oracle.com/javase/1/docs/api/",
			"isSystem": true,
			"isOwn": false,
			"isTest": false,
			"isJavaContent": false
		},
		{
			"kind": "binary",
			"path": "C:\\Program Files\\Java\\jdk1.8.0_201\\jre\\lib\\charsets.jar",
			"javadocContainerUrl": "https://docs.oracle.com/javase/1/docs/api/",
			"isSystem": true,
			"isOwn": false,
			"isTest": false,
			"isJavaContent": false
		},
		{
			"kind": "binary",
			"path": "C:\\Program Files\\Java\\jdk1.8.0_201\\jre\\lib\\jfr.jar",
			"javadocContainerUrl": "https://docs.oracle.com/javase/1/docs/api/",
			"isSystem": true,
			"isOwn": false,
			"isTest": false,
			"isJavaContent": false
		},
		{
			"kind": "binary",
			"path": "C:\\Users\\Administrator\\.m2\\repository\\org\\apache\\commons\\commons-dbcp2\\2.7.0\\commons-dbcp2-2.7.0.jar",
			"sourceContainerUrl": "file:/C:/Users/Administrator/.m2/repository/org/apache/commons/commons-dbcp2/2.7.0/commons-dbcp2-2.7.0-sources.jar",
			"javadocContainerUrl": "file:/C:/Users/Administrator/.m2/repository/org/apache/commons/commons-dbcp2/2.7.0/commons-dbcp2-2.7.0-javadoc.jar",
			"isSystem": false,
			"isOwn": false,
			"isTest": false,
			"isJavaContent": false
		},
		{
			"kind": "binary",
			"path": "C:\\Users\\Administrator\\.m2\\repository\\org\\apache\\commons\\commons-pool2\\2.7.0\\commons-pool2-2.7.0.jar",
			"sourceContainerUrl": "file:/C:/Users/Administrator/.m2/repository/org/apache/commons/commons-pool2/2.7.0/commons-pool2-2.7.0-sources.jar",
			"javadocContainerUrl": "file:/C:/Users/Administrator/.m2/repository/org/apache/commons/commons-pool2/2.7.0/commons-pool2-2.7.0-javadoc.jar",
			"isSystem": false,
			"isOwn": false,
			"isTest": false,
			"isJavaContent": false
		},
		{
			"kind": "binary",
			"path": "C:\\Users\\Administrator\\.m2\\repository\\commons-logging\\commons-logging\\1.2\\commons-logging-1.2.jar",
			"sourceContainerUrl": "file:/C:/Users/Administrator/.m2/repository/commons-logging/commons-logging/1.2/commons-logging-1.2-sources.jar",
			"javadocContainerUrl": "file:/C:/Users/Administrator/.m2/repository/commons-logging/commons-logging/1.2/commons-logging-1.2-javadoc.jar",
			"isSystem": false,
			"isOwn": false,
			"isTest": false,
			"isJavaContent": false
		},
		{
			"kind": "binary",
			"path": "C:\\Users\\Administrator\\.m2\\repository\\javax\\servlet\\jstl\\1.2\\jstl-1.2.jar",
			"sourceContainerUrl": "file:/C:/Users/Administrator/.m2/repository/javax/servlet/jstl/1.2/jstl-1.2-sources.jar",
			"isSystem": false,
			"isOwn": false,
			"isTest": false,
			"isJavaContent": false
		},
		{
			"kind": "binary",
			"path": "C:\\Users\\Administrator\\.m2\\repository\\com\\oracle\\jdbc\\ojdbc8\\12.2.0.1\\ojdbc8-12.2.0.1.jar",
			"isSystem": false,
			"isOwn": false,
			"isTest": false,
			"isJavaContent": false
		},
		{
			"kind": "binary",
			"path": "C:\\Users\\Administrator\\.m2\\repository\\com\\oracle\\jdbc\\ucp\\12.2.0.1\\ucp-12.2.0.1.jar",
			"isSystem": false,
			"isOwn": false,
			"isTest": false,
			"isJavaContent": false
		},
		{
			"kind": "binary",
			"path": "C:\\Users\\Administrator\\.m2\\repository\\org\\json\\json\\20190722\\json-20190722.jar",
			"sourceContainerUrl": "file:/C:/Users/Administrator/.m2/repository/org/json/json/20190722/json-20190722-sources.jar",
			"javadocContainerUrl": "file:/C:/Users/Administrator/.m2/repository/org/json/json/20190722/json-20190722-javadoc.jar",
			"isSystem": false,
			"isOwn": false,
			"isTest": false,
			"isJavaContent": false
		},
		{
			"kind": "binary",
			"path": "C:\\Users\\Administrator\\.m2\\repository\\com\\google\\code\\gson\\gson\\2.8.6\\gson-2.8.6.jar",
			"sourceContainerUrl": "file:/C:/Users/Administrator/.m2/repository/com/google/code/gson/gson/2.8.6/gson-2.8.6-sources.jar",
			"javadocContainerUrl": "file:/C:/Users/Administrator/.m2/repository/com/google/code/gson/gson/2.8.6/gson-2.8.6-javadoc.jar",
			"isSystem": false,
			"isOwn": false,
			"isTest": false,
			"isJavaContent": false
		},
		{
			"kind": "source",
			"path": "D:\\JAVASTUDY\\springedu\\myweb\\src",
			"outputFolder": "D:\\JAVASTUDY\\springedu\\myweb\\target\\classes",
			"javadocContainerUrl": "file:/D:/JAVASTUDY/springedu/myweb/target/site/apidocs",
			"isSystem": false,
			"isOwn": true,
			"isTest": false,
			"isJavaContent": true
		},
		{
			"kind": "source",
			"path": "D:\\JAVASTUDY\\springedu\\myweb\\src\\main\\resources",
			"outputFolder": "D:\\JAVASTUDY\\springedu\\myweb\\target\\classes",
			"isSystem": false,
			"isOwn": true,
			"isTest": false,
			"isJavaContent": false
		},
		{
			"kind": "source",
			"path": "D:\\JAVASTUDY\\springedu\\myweb\\src\\test\\resources",
			"outputFolder": "D:\\JAVASTUDY\\springedu\\myweb\\target\\test-classes",
			"isSystem": false,
			"isOwn": true,
			"isTest": true,
			"isJavaContent": false
		},
		{
			"kind": "source",
			"path": "D:\\JAVASTUDY\\springedu\\myweb\\src\\test\\java",
			"outputFolder": "D:\\JAVASTUDY\\springedu\\myweb\\target\\test-classes",
			"javadocContainerUrl": "file:/D:/JAVASTUDY/springedu/myweb/target/site/apidocs",
			"isSystem": false,
			"isOwn": true,
			"isTest": false,
			"isJavaContent": false
		}
	]
}