<?xml version="1.0" encoding="UTF-8"?>
<beans xmlns="http://www.springframework.org/schema/beans"
	xmlns:xsi="http://www.w3.org/2001/XMLSchema-instance"
	xsi:schemaLocation="http://www.springframework.org/schema/beans http://www.springframework.org/schema/beans/spring-beans.xsd">

	<bean id="mailSender" class="org.springframework.mail.javamail.JavaMailSenderImpl">
	  <property name="host" value="smtp.gmail.com" /><!-- gmail 서버-->
	  <property name="port" value="587" /><!-- gmail 포트-->
	  <property name="username" value="sang105kr@gmail.com" /><!-- gmail계정 -->
	  <property name="password" value="1az0!^1az0!^" /><!-- gmail계정 -->
	  <property name="javaMailProperties">
	    <props>
	       <prop key="mail.transport.protocol">smtp</prop>
	       <prop key="mail.smtp.auth">true</prop>
	       <prop key="mail.smtp.starttls.enable">true</prop>
	       <prop key="mail.smtp.socketFactory.class">javax.net.ssl.SSLSocketFactory</prop>
	       <prop key="mail.debug">true</prop>
	    </props>
	  </property>
	</bean>
 
 	<!-- 고정 메세지를 보낼경우 -->
	<bean id="preConfiguredMessage" class="org.springframework.mail.SimpleMailMessage">
   <property name="to" value="sagn105kr2@naver.com"></property>
   <property name="from" value="sang105kr@gmail.com"></property>
   <property name="subject" value="테스트 메일입니다."/>
	</bean>
	
</beans>

